Name,Folder,URL,Area,Phone,Experience,Rating,Reviews
"32 Pearls Dental","32-pearls-dental","https://YOUR_USERNAME.github.io/dental-portfolio/site/32-pearls-dental/","Vikaspuri","+91-11-29295987",8,4,80
"Advanced Dental Clinic","advanced-dental-clinic","https://YOUR_USERNAME.github.io/dental-portfolio/site/advanced-dental-clinic/","Lajpat Nagar","+91-11-44928498",16,0,70
"Advanced Oral Care","advanced-oral-care","https://YOUR_USERNAME.github.io/dental-portfolio/site/advanced-oral-care/","Defence Colony","+91-11-43304084",4,3.7,99
"Bright Smile Dental","bright-smile-dental","https://YOUR_USERNAME.github.io/dental-portfolio/site/bright-smile-dental/","Vasant Kunj","+91-11-29237755",26,4.5,99
"City Dental Clinic","city-dental-clinic","https://YOUR_USERNAME.github.io/dental-portfolio/site/city-dental-clinic/","Dwarka","+91-11-45918838",27,4.7,80
"Comprehensive Dental","comprehensive-dental","https://YOUR_USERNAME.github.io/dental-portfolio/site/comprehensive-dental/","Green Park","+91-11-47808575",5,4.4,23
"Crown Dental Clinic","crown-dental-clinic","https://YOUR_USERNAME.github.io/dental-portfolio/site/crown-dental-clinic/","Rajouri Garden","+91-11-39057761",28,4.7,144
"Dental Arts Clinic","dental-arts-clinic","https://YOUR_USERNAME.github.io/dental-portfolio/site/dental-arts-clinic/","Mayur Vihar","+91-11-30559433",11,4.2,95
"Dental Care Centre","dental-care-centre","https://YOUR_USERNAME.github.io/dental-portfolio/site/dental-care-centre/","Preet Vihar","+91-11-34600047",22,4.5,183
"Dental Care Plus","dental-care-plus","https://YOUR_USERNAME.github.io/dental-portfolio/site/dental-care-plus/","Patel Nagar","+91-11-20485097",23,4,46
"Dental Cure Clinic","dental-cure-clinic","https://YOUR_USERNAME.github.io/dental-portfolio/site/dental-cure-clinic/","Paschim Vihar","+91-11-47550378",18,0,138
"Dental Excellence","dental-excellence","https://YOUR_USERNAME.github.io/dental-portfolio/site/dental-excellence/","Dwarka","+91-11-35985095",29,4.4,56
"Dental Experts Clinic","dental-experts-clinic","https://YOUR_USERNAME.github.io/dental-portfolio/site/dental-experts-clinic/","South Extension","+91-11-22135221",15,0,156
"Dental Health Centre","dental-health-centre","https://YOUR_USERNAME.github.io/dental-portfolio/site/dental-health-centre/","Uttam Nagar","+91-11-35384824",16,3.8,56
"Dental Health Clinic","dental-health-clinic","https://YOUR_USERNAME.github.io/dental-portfolio/site/dental-health-clinic/","Tilak Nagar","+91-11-23770253",25,3.8,96
"Dental Solutions","dental-solutions","https://YOUR_USERNAME.github.io/dental-portfolio/site/dental-solutions/","South Extension","+91-11-26510051",10,0,127
"Dental Speciality Centre","dental-speciality-centre","https://YOUR_USERNAME.github.io/dental-portfolio/site/dental-speciality-centre/","Malviya Nagar","+91-11-43227248",24,4.6,149
"Dental Treatment Centre","dental-treatment-centre","https://YOUR_USERNAME.github.io/dental-portfolio/site/dental-treatment-centre/","Ashok Vihar","+91-11-42676498",14,0,185
"Dr. Agarwal's Dental Clinic","dr-agarwals-dental-clinic","https://YOUR_USERNAME.github.io/dental-portfolio/site/dr-agarwals-dental-clinic/","Ashok Vihar","+91-11-31536149",6,4.5,67
"Dr. Amit Gupta's Dental Clinic","dr-amit-guptas-dental-clinic","https://YOUR_USERNAME.github.io/dental-portfolio/site/dr-amit-guptas-dental-clinic/","Rajouri Garden","+91-11-44871677",26,4.8,100
"Dr. Anjali Mehta's Dental Clinic","dr-anjali-mehtas-dental-clinic","https://YOUR_USERNAME.github.io/dental-portfolio/site/dr-anjali-mehtas-dental-clinic/","Shalimar Bagh","+91-11-21654426",29,4.6,149
"Dr. Arora's Dental Centre","dr-aroras-dental-centre","https://YOUR_USERNAME.github.io/dental-portfolio/site/dr-aroras-dental-centre/","Mayur Vihar","+91-11-24009286",14,0,92
"Dr. Arun Khanna's Dental Clinic","dr-arun-khannas-dental-clinic","https://YOUR_USERNAME.github.io/dental-portfolio/site/dr-arun-khannas-dental-clinic/","Lajpat Nagar","+91-11-40135275",6,4.8,96
"Dr. Ashok Mittal's Dental Clinic","dr-ashok-mittals-dental-clinic","https://YOUR_USERNAME.github.io/dental-portfolio/site/dr-ashok-mittals-dental-clinic/","Kalkaji","+91-11-21357370",25,3.6,41
"Dr. Bansal's Dental Care","dr-bansals-dental-care","https://YOUR_USERNAME.github.io/dental-portfolio/site/dr-bansals-dental-care/","Lajpat Nagar","+91-11-29537166",16,0,120
"Dr. Bhatia's Dental Practice","dr-bhatias-dental-practice","https://YOUR_USERNAME.github.io/dental-portfolio/site/dr-bhatias-dental-practice/","Karol Bagh","+91-11-48646016",25,0,78
"Dr. Chopra's Dental Centre","dr-chopras-dental-centre","https://YOUR_USERNAME.github.io/dental-portfolio/site/dr-chopras-dental-centre/","Rohini","+91-11-23953024",22,4.5,90
"Dr. Das Dental Practice","dr-das-dental-practice","https://YOUR_USERNAME.github.io/dental-portfolio/site/dr-das-dental-practice/","Najafgarh","+91-11-46528737",24,0,99
"Dr. Deepa Malhotra's Dental Clinic","dr-deepa-malhotras-dental-clinic","https://YOUR_USERNAME.github.io/dental-portfolio/site/dr-deepa-malhotras-dental-clinic/","Najafgarh","+91-11-46836259",21,4.6,62
"Dr. Goyal's Dental Practice","dr-goyals-dental-practice","https://YOUR_USERNAME.github.io/dental-portfolio/site/dr-goyals-dental-practice/","Kalkaji","+91-11-41750446",9,4.2,78
"Dr. Gupta's Dental Care","dr-guptas-dental-care","https://YOUR_USERNAME.github.io/dental-portfolio/site/dr-guptas-dental-care/","Pitampura","+91-11-46610813",5,3.9,164
"Dr. Jain's Dental Centre","dr-jains-dental-centre","https://YOUR_USERNAME.github.io/dental-portfolio/site/dr-jains-dental-centre/","Paschim Vihar","+91-11-30756416",8,3.8,153
"Dr. Kapoor's Dental Clinic","dr-kapoors-dental-clinic","https://YOUR_USERNAME.github.io/dental-portfolio/site/dr-kapoors-dental-clinic/","Vasant Kunj","+91-11-24672901",25,4.7,153
"Dr. Kavita Jain's Dental Clinic","dr-kavita-jains-dental-clinic","https://YOUR_USERNAME.github.io/dental-portfolio/site/dr-kavita-jains-dental-clinic/","Saket","+91-11-22318852",13,4.7,110
"Dr. Khanna's Dental Studio","dr-khannas-dental-studio","https://YOUR_USERNAME.github.io/dental-portfolio/site/dr-khannas-dental-studio/","Uttam Nagar","+91-11-31494151",23,4.5,25
"Dr. Kumar's Dental Centre","dr-kumars-dental-centre","https://YOUR_USERNAME.github.io/dental-portfolio/site/dr-kumars-dental-centre/","Janakpuri","+91-11-31486105",5,4.2,170
"Dr. Malhotra's Dental","dr-malhotras-dental","https://YOUR_USERNAME.github.io/dental-portfolio/site/dr-malhotras-dental/","Rajendra Nagar","+91-11-20022618",11,3.8,104
"Dr. Manish Kapoor's Dental Clinic","dr-manish-kapoors-dental-clinic","https://YOUR_USERNAME.github.io/dental-portfolio/site/dr-manish-kapoors-dental-clinic/","Patel Nagar","+91-11-28423032",19,4.4,25
"Dr. Meera Goyal's Dental Clinic","dr-meera-goyals-dental-clinic","https://YOUR_USERNAME.github.io/dental-portfolio/site/dr-meera-goyals-dental-clinic/","Nehru Place","+91-11-35326282",24,3.7,115
"Dr. Mehta's Dental Clinic","dr-mehtas-dental-clinic","https://YOUR_USERNAME.github.io/dental-portfolio/site/dr-mehtas-dental-clinic/","Malviya Nagar","+91-11-49950455",14,3.8,46
"Dr. Mittal's Dental Studio","dr-mittals-dental-studio","https://YOUR_USERNAME.github.io/dental-portfolio/site/dr-mittals-dental-studio/","Hauz Khas","+91-11-27595323",14,0,69
"Dr. Nair's Dental Centre","dr-nairs-dental-centre","https://YOUR_USERNAME.github.io/dental-portfolio/site/dr-nairs-dental-centre/","Patel Nagar","+91-11-27423541",7,3.7,88
"Dr. Neha Singh's Dental Clinic","dr-neha-singhs-dental-clinic","https://YOUR_USERNAME.github.io/dental-portfolio/site/dr-neha-singhs-dental-clinic/","Model Town","+91-11-48402630",27,4.3,109
"Dr. Pooja Reddy's Dental Clinic","dr-pooja-reddys-dental-clinic","https://YOUR_USERNAME.github.io/dental-portfolio/site/dr-pooja-reddys-dental-clinic/","Green Park","+91-11-39569199",18,0,44
"Dr. Priya Sharma's Dental Clinic","dr-priya-sharmas-dental-clinic","https://YOUR_USERNAME.github.io/dental-portfolio/site/dr-priya-sharmas-dental-clinic/","Karol Bagh","+91-11-35642357",4,4,93
"Dr. Rahul Agarwal's Dental Clinic","dr-rahul-agarwals-dental-clinic","https://YOUR_USERNAME.github.io/dental-portfolio/site/dr-rahul-agarwals-dental-clinic/","Tilak Nagar","+91-11-26264534",23,4.3,73
"Dr. Rajesh Kumar's Dental Clinic","dr-rajesh-kumars-dental-clinic","https://YOUR_USERNAME.github.io/dental-portfolio/site/dr-rajesh-kumars-dental-clinic/","Connaught Place","+91-11-43834726",29,0,88
"Dr. Rao's Dental Studio","dr-raos-dental-studio","https://YOUR_USERNAME.github.io/dental-portfolio/site/dr-raos-dental-studio/","Shalimar Bagh","+91-11-32242947",21,3.9,84
"Dr. Rashmi Sethi's Dental Clinic","dr-rashmi-sethis-dental-clinic","https://YOUR_USERNAME.github.io/dental-portfolio/site/dr-rashmi-sethis-dental-clinic/","Mayur Vihar","+91-11-30152436",10,3.5,96
"Dr. Reddy's Dental Practice","dr-reddys-dental-practice","https://YOUR_USERNAME.github.io/dental-portfolio/site/dr-reddys-dental-practice/","Laxmi Nagar","+91-11-29065084",23,3.8,73
"Dr. Rita Chopra's Dental Clinic","dr-rita-chopras-dental-clinic","https://YOUR_USERNAME.github.io/dental-portfolio/site/dr-rita-chopras-dental-clinic/","Rajendra Nagar","+91-11-49751311",28,4.2,139
"Dr. Sanjeev Bhatia's Dental Clinic","dr-sanjeev-bhatias-dental-clinic","https://YOUR_USERNAME.github.io/dental-portfolio/site/dr-sanjeev-bhatias-dental-clinic/","Green Park","+91-11-41922043",29,4.1,40
"Dr. Saxena's Dental Care","dr-saxenas-dental-care","https://YOUR_USERNAME.github.io/dental-portfolio/site/dr-saxenas-dental-care/","Tilak Nagar","+91-11-43663803",24,4.7,81
"Dr. Sethi's Dental Clinic","dr-sethis-dental-clinic","https://YOUR_USERNAME.github.io/dental-portfolio/site/dr-sethis-dental-clinic/","Shahdara","+91-11-24189358",27,4.2,147
"Dr. Sharma's Dental Clinic","dr-sharmas-dental-clinic","https://YOUR_USERNAME.github.io/dental-portfolio/site/dr-sharmas-dental-clinic/","Connaught Place","+91-11-45565955",6,3.7,132
"Dr. Singh's Dental Studio","dr-singhs-dental-studio","https://YOUR_USERNAME.github.io/dental-portfolio/site/dr-singhs-dental-studio/","Green Park","+91-11-38094690",29,0,93
"Dr. Sunita Bansal's Dental Clinic","dr-sunita-bansals-dental-clinic","https://YOUR_USERNAME.github.io/dental-portfolio/site/dr-sunita-bansals-dental-clinic/","Malviya Nagar","+91-11-23156241",8,3.8,102
"Dr. Suresh Patel's Dental Clinic","dr-suresh-patels-dental-clinic","https://YOUR_USERNAME.github.io/dental-portfolio/site/dr-suresh-patels-dental-clinic/","South Extension","+91-11-45128494",14,0,41
"Dr. Verma's Dental Practice","dr-vermas-dental-practice","https://YOUR_USERNAME.github.io/dental-portfolio/site/dr-vermas-dental-practice/","Defence Colony","+91-11-22911174",14,3.6,9
"Dr. Vikram Verma's Dental Clinic","dr-vikram-vermas-dental-clinic","https://YOUR_USERNAME.github.io/dental-portfolio/site/dr-vikram-vermas-dental-clinic/","Defence Colony","+91-11-40481061",21,4.4,176
"Elite Dental Care","elite-dental-care","https://YOUR_USERNAME.github.io/dental-portfolio/site/elite-dental-care/","Model Town","+91-11-25835174",24,0,83
"Excel Dental Centre","excel-dental-centre","https://YOUR_USERNAME.github.io/dental-portfolio/site/excel-dental-centre/","Kalkaji","+91-11-27288772",23,4.8,29
"Expert Dental Clinic","expert-dental-clinic","https://YOUR_USERNAME.github.io/dental-portfolio/site/expert-dental-clinic/","Kirti Nagar","+91-11-24715016",18,4.6,16
"Family Dental Care","family-dental-care","https://YOUR_USERNAME.github.io/dental-portfolio/site/family-dental-care/","Greater Kailash","+91-11-30508544",12,4.3,33
"Family Oral Care","family-oral-care","https://YOUR_USERNAME.github.io/dental-portfolio/site/family-oral-care/","Laxmi Nagar","+91-11-40635677",7,3.9,169
"Gentle Dental Care","gentle-dental-care","https://YOUR_USERNAME.github.io/dental-portfolio/site/gentle-dental-care/","Saket","+91-11-49221132",18,0,146
"Happy Smiles Dental","happy-smiles-dental","https://YOUR_USERNAME.github.io/dental-portfolio/site/happy-smiles-dental/","Rohini","+91-11-33258191",4,3.7,25
"Modern Dental Studio","modern-dental-studio","https://YOUR_USERNAME.github.io/dental-portfolio/site/modern-dental-studio/","Preet Vihar","+91-11-32783524",18,3.5,24
"Oral Care Clinic","oral-care-clinic","https://YOUR_USERNAME.github.io/dental-portfolio/site/oral-care-clinic/","Kirti Nagar","+91-11-38715664",15,3.9,100
"Oral Health Clinic","oral-health-clinic","https://YOUR_USERNAME.github.io/dental-portfolio/site/oral-health-clinic/","Okhla","+91-11-28373002",29,3.9,91
"Pearl Dental Care","pearl-dental-care","https://YOUR_USERNAME.github.io/dental-portfolio/site/pearl-dental-care/","Saket","+91-11-44261008",22,4,148
"Perfect Teeth Clinic","perfect-teeth-clinic","https://YOUR_USERNAME.github.io/dental-portfolio/site/perfect-teeth-clinic/","Rajouri Garden","+91-11-39244883",19,4.1,50
"Precision Dental Care","precision-dental-care","https://YOUR_USERNAME.github.io/dental-portfolio/site/precision-dental-care/","Pitampura","+91-11-40308358",22,3.6,65
"Premier Dental Clinic","premier-dental-clinic","https://YOUR_USERNAME.github.io/dental-portfolio/site/premier-dental-clinic/","Nehru Place","+91-11-31342111",13,0,52
"Quality Dental Services","quality-dental-services","https://YOUR_USERNAME.github.io/dental-portfolio/site/quality-dental-services/","Punjabi Bagh","+91-11-45553139",6,4.6,42
"Smile Bright Dental","smile-bright-dental","https://YOUR_USERNAME.github.io/dental-portfolio/site/smile-bright-dental/","Punjabi Bagh","+91-11-40949051",7,4,154
"Smile Dental Studio","smile-dental-studio","https://YOUR_USERNAME.github.io/dental-portfolio/site/smile-dental-studio/","Rajendra Nagar","+91-11-34547867",26,0,145
"Smile Studio Dental","smile-studio-dental","https://YOUR_USERNAME.github.io/dental-portfolio/site/smile-studio-dental/","Greater Kailash","+91-11-48519065",4,4.1,36
"Smile Zone Dental","smile-zone-dental","https://YOUR_USERNAME.github.io/dental-portfolio/site/smile-zone-dental/","Nehru Place","+91-11-28923935",15,0,48
"Superior Dental Services","superior-dental-services","https://YOUR_USERNAME.github.io/dental-portfolio/site/superior-dental-services/","Connaught Place","+91-11-23945624",26,4.4,17
"Tooth Care Dental","tooth-care-dental","https://YOUR_USERNAME.github.io/dental-portfolio/site/tooth-care-dental/","Model Town","+91-11-45193781",14,3.6,197
"White Pearl Dental","white-pearl-dental","https://YOUR_USERNAME.github.io/dental-portfolio/site/white-pearl-dental/","Hauz Khas","+91-11-43434625",25,4.7,73